vertical,codigo,origen,tipo_reporte,medio_pago,medio_salida,es_credito,activo
41604 SALUD PAS EMPRESARIAL,41604,ECOLLECT,RED,PSE,PSE,false,true
41604 SALUD PAS EMPRESARIAL,41604,ECOLLECT,RED,TARJETA_CREDITO,TARJ. CREDITO,false,true
41604 SALUD PAS EMPRESARIAL,41604,ECOLLECT,JAVA,PSE,PSE LINK DE PAGO,false,true
41604 SALUD PAS EMPRESARIAL,41604,ECOLLECT,JAVA,SAC,SAC PRESENCIAL,false,true
41604 SALUD PAS EMPRESARIAL,41604,ECOLLECT,JAVA,REDES,REDES PRESENCIAL,false,true
41605 SALUD PAS INDIVIDUAL,41605,ECOLLECT,RED,PSE,PSE,false,true
41605 SALUD PAS INDIVIDUAL,41605,ECOLLECT,RED,TARJETA_CREDITO,TARJ. CREDITO,false,true
41605 SALUD PAS INDIVIDUAL,41605,ECOLLECT,JAVA,PSE,PSE LINK DE PAGO,false,true
41605 SALUD PAS INDIVIDUAL,41605,ECOLLECT,JAVA,TARJETA_CREDITO,TARJ. CREDITO LINK PAGO,false,true
41605 SALUD PAS INDIVIDUAL,41605,ECOLLECT,JAVA,MODULOS AUTOSERVICIO,MODULOS AUTOSERVICIOS,false,true
41605 SALUD PAS INDIVIDUAL,41605,ECOLLECT,JAVA,REDES,REDES,false,true
41605 SALUD PAS INDIVIDUAL,41605,ECOLLECT,JAVA,SAP,SAP,false,true
41607 CREDITO BANCOR,41607,ECOLLECT,RED,PSE,PSE,true,true
41607 CREDITO BANCOR,41607,ECOLLECT,JAVA,TUP,TUP,true,true
41607 CREDITO BANCOR,41607,ECOLLECT,JAVA,MODULOS AUTOSERVICIO,MODULOS AUTOSERVICIOS,true,true
41607 CREDITO BANCOR,41607,ECOLLECT,JAVA,REDES,REDES,true,true
41607 CREDITO BANCOR,41607,ECOLLECT,JAVA,SAP,SAP,true,true
41608 ALOJAMIENTO LAGOMAR,41608,ECOLLECT,JAVA,PSE,PSE,false,true
41608 ALOJAMIENTO LAGOMAR,41608,ECOLLECT,JAVA,TARJETA_CREDITO,TARJ. CREDITO,false,true
41608 ALOJAMIENTO LAGOMAR,41608,ECOLLECT,JAVA,MODULOS AUTOSERVICIO,MODULOS AUTOSERVICIOS,false,true
41608 ALOJAMIENTO LAGOMAR,41608,ECOLLECT,JAVA,REDES,REDES,false,true
41608 ALOJAMIENTO LAGOMAR,41608,ECOLLECT,JAVA,SAP,SAP,false,true
41608 ALOJAMIENTO LAGOMAR,41608,ECOLLECT,JAVA,CUPOYA,CUPOYA,false,true
41608 ALOJAMIENTO LAGOMAR,41608,ECOLLECT,JAVA,TUP,TUP,false,true
41609 ALOJAMIENTO LOGOSOL,41609,ECOLLECT,JAVA,PSE,PSE,false,true
41609 ALOJAMIENTO LOGOSOL,41609,ECOLLECT,JAVA,TARJETA_CREDITO,TARJ. CREDITO,false,true
41609 ALOJAMIENTO LOGOSOL,41609,ECOLLECT,JAVA,MODULOS AUTOSERVICIO,MODULOS AUTOSERVICIOS,false,true
41609 ALOJAMIENTO LOGOSOL,41609,ECOLLECT,JAVA,REDES,REDES,false,true
41609 ALOJAMIENTO LOGOSOL,41609,ECOLLECT,JAVA,SAP,SAP,false,true
41609 ALOJAMIENTO LOGOSOL,41609,ECOLLECT,JAVA,CUPOYA,CUPOYA,false,true
41609 ALOJAMIENTO LOGOSOL,41609,ECOLLECT,JAVA,TUP,TUP,false,true
41610 RED TIENDA,41610,ECOLLECT,RED,PSE,PSE,false,true
41610 RED TIENDA,41610,ECOLLECT,RED,TARJETA_CREDITO,TARJ. CREDITO,false,true
41610 RED TIENDA,41610,ECOLLECT,RED,TUP,TUP,false,true
41611 SALUD SEGURO VOLUNTARIO,41611,ECOLLECT,JAVA,PSE,PSE,false,true
41611 SALUD SEGURO VOLUNTARIO,41611,ECOLLECT,JAVA,TARJETA_CREDITO,TARJ. CREDITO,false,true
41611 SALUD SEGURO VOLUNTARIO,41611,ECOLLECT,JAVA,REDES,REDES / SAC,false,true
41612 CREDITO SIIF,41612,ECOLLECT,RED,PSE,PSE,true,true
41612 CREDITO SIIF,41612,ECOLLECT,JAVA,REDES,REDES,true,true
41612 CREDITO SIIF,41612,ECOLLECT,JAVA,MODULOS AUTOSERVICIO,MODULOS AUTOSERVICIOS,true,true
41612 CREDITO SIIF,41612,ECOLLECT,JAVA,TUP,TUP,true,true
41612 CREDITO SIIF,41612,ECOLLECT,JAVA,SAP,SAP,true,true
41620 MI PLANILLA,41620,ECOLLECT,JAVA,MODULOS AUTOSERVICIO,MODULOS AUTOSERVICIOS,false,true
41620 MI PLANILLA,41620,ECOLLECT,JAVA,REDES,REDES,false,true
41621 RED TIENDA,41621,PAYU,PAYU,PSE,PSE (PAYU),false,true
41621 RED TIENDA,41621,PAYU,PAYU,TARJETA_CREDITO,TARJ. CREDITO (PAYU),false,true
41621 RED TIENDA,41621,ECOLLECT,RED,REDES,REDES,false,true
41621 RED TIENDA,41621,ECOLLECT,RED,CUPOYA,CUPOYA,false,true
41623 PLATAFORMA DE BIENESTAR,41623,ECOLLECT,RED,PSE,PSE,false,true
41623 PLATAFORMA DE BIENESTAR,41623,ECOLLECT,RED,TARJETA_CREDITO,TARJ. CREDITO,false,true
41623 PLATAFORMA DE BIENESTAR,41623,ECOLLECT,RED,TUP,TUP,false,true
41626 SALUD,41626,ECOLLECT,RED,PSE,PSE,false,true
41626 SALUD,41626,ECOLLECT,RED,TARJETA_CREDITO,TARJ. CREDITO,false,true
41630 EVENTOS,41630,ECOLLECT,RED,PSE,PSE,false,true
41630 EVENTOS,41630,ECOLLECT,RED,TARJETA_CREDITO,TARJ. CREDITO,false,true
41631 COMPENSAR SALUD MP INDIVIDUAL,41631,ECOLLECT,RED,PSE,PSE,false,true
41631 COMPENSAR SALUD MP INDIVIDUAL,41631,ECOLLECT,RED,TARJETA_CREDITO,TARJ. CREDITO,false,true
41631 COMPENSAR SALUD MP INDIVIDUAL,41631,ECOLLECT,JAVA,MODULOS AUTOSERVICIO,MODULOS AUTOSERVICIOS,false,true
41631 COMPENSAR SALUD MP INDIVIDUAL,41631,ECOLLECT,JAVA,SAP,SAP,false,true
41632 COMPENSAR SALUD MP EMPRESARIAL,41632,ECOLLECT,RED,PSE,PSE,false,true
